{
  "roc_auc": 0.9659381457742284,
  "accuracy": 0.915,
  "precision": 0.92,
  "recall": 0.9739413680781759,
  "f1": 0.9462025316455697
}